period,item,value
train,fit_rows,3000.0
train,vix_cal_const,-0.021515783343966886
train,vix_cal_const_hac_se,0.01481692650688349
train,vix_cal_vix_vol,0.9362651843001235
train,vix_cal_vix_vol_hac_se,0.09038033439408663
train,combination_const,-0.015457666485845963
train,combination_const_hac_se,0.011902413191766588
train,combination_vix_vol,0.654392843776016
train,combination_vix_vol_hac_se,0.09956128954699973
train,combination_garch_vol,0.3069186159052026
train,combination_garch_vol_hac_se,0.17513113854063234
validation,full_label_rows,985.0
validation,scored_rows,985.0
validation,qlike_hv21,0.7352892636495896
validation,rmse_vol_hv21,0.06330130138742877
validation,mean_error_vol_hv21,0.0027581111742997965
validation,qlike_ewma,0.5868549542900845
validation,rmse_vol_ewma,0.059281489519703655
validation,mean_error_vol_ewma,0.006244722402806463
validation,qlike_garch,0.4044776581230167
validation,rmse_vol_garch,0.05744067819134064
validation,mean_error_vol_garch,0.021214908860131408
validation,qlike_vix,0.39577361786750864
validation,rmse_vol_vix,0.05943989794059388
validation,mean_error_vol_vix,0.0341141157404566
validation,qlike_vix_cal,0.3624926819947143
validation,rmse_vol_vix_cal,0.048439602995524786
validation,mean_error_vol_vix_cal,0.003192005356899693
validation,qlike_combination,0.35504092998848785
validation,rmse_vol_combination,0.04972997640861621
validation,mean_error_vol_combination,0.008987579580539293
validation,calibration_hv21_a,0.06359731935458429
validation,calibration_hv21_b,0.429099314390304
validation,calibration_ewma_a,0.053412145834969976
validation,calibration_ewma_b,0.5016800216340508
validation,calibration_garch_a,0.018510443171251535
validation,calibration_garch_b,0.7050524868170553
validation,calibration_vix_a,-0.007455057093100266
validation,calibration_vix_b,0.8193651802164519
validation,calibration_vix_cal_a,0.011374313039151124
validation,calibration_vix_cal_b,0.8751422075241891
validation,calibration_combination_a,0.00613793869685101
validation,calibration_combination_b,0.8764848849188438
validation,garch_minus_vix_mean_diff,0.008704040255508146
validation,garch_minus_vix_t,0.2781364783495732
validation,garch_minus_vix_p,0.7809075943900727
validation,garch_minus_vix_n,985.0
validation,encompassing_a,0.002031362653201574
validation,encompassing_b_vix,0.6169783287787667
validation,encompassing_b_garch,-0.009496695394199867
validation,encompassing_se_vix,0.13812642785205897
validation,encompassing_se_garch,0.17807479117933867
validation,encompassing_t_vix,4.466765255375926
validation,encompassing_t_garch,-0.05332981345257212
validation,encompassing_p_vix,7.941118371208254e-06
validation,encompassing_p_garch,0.9574691262938593
validation,encompassing_r2,0.26133031199570755
validation,encompassing_n,985.0
test,full_label_rows,1487.0
test,scored_rows,1487.0
test,qlike_hv21,0.6760699318933366
test,rmse_vol_hv21,0.12249964501331292
test,mean_error_vol_hv21,-0.000509359356339038
test,qlike_ewma,0.6732493202430507
test,rmse_vol_ewma,0.11799369927189164
test,mean_error_vol_ewma,0.004589905968429494
test,qlike_garch,0.502105191967159
test,rmse_vol_garch,0.10373820792323495
test,mean_error_vol_garch,0.0009294954821628132
test,qlike_vix,0.46818005014705183
test,rmse_vol_vix,0.10606453424821548
test,mean_error_vol_vix,0.036235289811981146
test,qlike_vix_cal,0.5452470586820012
test,rmse_vol_vix_cal,0.0991330113851995
test,mean_error_vol_vix_cal,0.0012817856526517533
test,qlike_combination,0.5104755412161439
test,rmse_vol_combination,0.09860992199135646
test,mean_error_vol_combination,0.0017846034893694524
test,calibration_hv21_a,0.09326736898556848
test,calibration_hv21_b,0.4671938282768288
test,calibration_ewma_a,0.08372660507608136
test,calibration_ewma_b,0.5071420077037595
test,calibration_garch_a,0.050831387921762755
test,calibration_garch_b,0.7051202974626033
test,calibration_vix_a,-0.00029817152035718775
test,calibration_vix_b,0.8295510345413047
test,calibration_vix_cal_a,0.01876527399833574
test,calibration_vix_cal_b,0.886021448251769
test,calibration_combination_a,0.021977476790237323
test,calibration_combination_b,0.8652846379494169
test,garch_minus_vix_mean_diff,0.033925141820107134
test,garch_minus_vix_t,0.46535811300932844
test,garch_minus_vix_p,0.6416750251202588
test,garch_minus_vix_n,1487.0
test,encompassing_a,0.0011968558567293508
test,encompassing_b_vix,0.8962605112159965
test,encompassing_b_garch,-0.05412215583366929
test,encompassing_se_vix,0.40881611691881353
test,encompassing_se_garch,0.22732174970256824
test,encompassing_t_vix,2.192331647712373
test,encompassing_t_garch,-0.2380861308013143
test,encompassing_p_vix,0.0283555681705817
test,encompassing_p_garch,0.8118142915034579
test,encompassing_r2,0.18685155609035287
test,encompassing_n,1487.0
